{
  "project_info": {
    "project_number": "894122929694",
    "firebase_url": "https://test-73bb2.firebaseio.com",
    "project_id": "test-73bb2",
    "storage_bucket": "test-73bb2.appspot.com"
  },
  "client": [
    {
      "client_info": {
        "mobilesdk_app_id": "1:894122929694:android:18b8aef4d963366e",
        "android_client_info": {
          "package_name": "com.study.testsource"
        }
      },
      "oauth_client": [
        {
          "client_id": "894122929694-t2ivg9lp2fp3f3fc1jpoj4r6n4j6fobd.apps.googleusercontent.com",
          "client_type": 3
        }
      ],
      "api_key": [
        {
          "current_key": "AIzaSyCjl-adZ0H6m7fXnA7H9s93V2dub2TdMX4"
        }
      ],
      "services": {
        "analytics_service": {
          "status": 1
        },
        "appinvite_service": {
          "status": 1,
          "other_platform_oauth_client": []
        },
        "ads_service": {
          "status": 2
        }
      }
    }
  ],
  "configuration_version": "1"
}